Entity,Code,Year,Population
Afghanistan,AFG,2018,36686788
Afghanistan,AFG,2019,37769496
Afghanistan,AFG,2020,38972236
Afghanistan,AFG,2021,40099460
Africa (UN),,2018,1295265000
Africa (UN),,2019,1327701100
Africa (UN),,2020,1360677200
Africa (UN),,2021,1393676400
Albania,ALB,2018,2877019
Albania,ALB,2019,2873883
Albania,ALB,2020,2866850
Albania,ALB,2021,2854710
Algeria,DZA,2018,41927010
Algeria,DZA,2019,42705372
Algeria,DZA,2020,43451668
Algeria,DZA,2021,44177964
American Samoa,ASM,2018,48445
American Samoa,ASM,2019,47341
American Samoa,ASM,2020,46216
American Samoa,ASM,2021,45056
Andorra,AND,2018,75034
Andorra,AND,2019,76361
Andorra,AND,2020,77723
Andorra,AND,2021,79057
Angola,AGO,2018,31273538
Angola,AGO,2019,32353592
Angola,AGO,2020,33428490
Angola,AGO,2021,34503776
Anguilla,AIA,2018,15201
Anguilla,AIA,2019,15408
Anguilla,AIA,2020,15612
Anguilla,AIA,2021,15779
Antigua and Barbuda,ATG,2018,91644
Antigua and Barbuda,ATG,2019,92127
Antigua and Barbuda,ATG,2020,92672
Antigua and Barbuda,ATG,2021,93229
Argentina,ARG,2018,44413590
Argentina,ARG,2019,44745516
Argentina,ARG,2020,45036030
Argentina,ARG,2021,45276788
Armenia,ARM,2018,2836563
Armenia,ARM,2019,2820604
Armenia,ARM,2020,2805610
Armenia,ARM,2021,2790971
Aruba,ABW,2018,105980
Aruba,ABW,2019,106458
Aruba,ABW,2020,106597
Aruba,ABW,2021,106543
Asia (UN),,2018,4590021600
Asia (UN),,2019,4628967400
Asia (UN),,2020,4664324000
Asia (UN),,2021,4694576000
Australia,AUS,2018,24979228
Australia,AUS,2019,25357168
Australia,AUS,2020,25670052
Australia,AUS,2021,25921094
Austria,AUT,2018,8840518
Austria,AUT,2019,8879939
Austria,AUT,2020,8907780
Austria,AUT,2021,8922086
Azerbaijan,AZE,2018,10152524
Azerbaijan,AZE,2019,10232761
Azerbaijan,AZE,2020,10284952
Azerbaijan,AZE,2021,10312992
Bahamas,BHS,2018,401911
Bahamas,BHS,2019,404563
Bahamas,BHS,2020,406478
Bahamas,BHS,2021,407920
Bahrain,BHR,2018,1487346
Bahrain,BHR,2019,1494195
Bahrain,BHR,2020,1477478
Bahrain,BHR,2021,1463266
Bangladesh,BGD,2018,163683950
Bangladesh,BGD,2019,165516220
Bangladesh,BGD,2020,167420940
Bangladesh,BGD,2021,169356240
Barbados,BRB,2018,279702
Barbados,BRB,2019,280193
Barbados,BRB,2020,280704
Barbados,BRB,2021,281204
Belarus,BLR,2018,9695573
Belarus,BLR,2019,9673971
Belarus,BLR,2020,9633745
Belarus,BLR,2021,9578172
Belgium,BEL,2018,11448598
Belgium,BEL,2019,11510569
Belgium,BEL,2020,11561716
Belgium,BEL,2021,11611416
Belize,BLZ,2018,382076
Belize,BLZ,2019,389103
Belize,BLZ,2020,394931
Belize,BLZ,2021,400037
Benin,BEN,2018,11940688
Benin,BEN,2019,12290443
Benin,BEN,2020,12643121
Benin,BEN,2021,12996901
Bermuda,BMU,2018,63591
Bermuda,BMU,2019,63833
Bermuda,BMU,2020,64051
Bermuda,BMU,2021,64213
Bhutan,BTN,2018,762104
Bhutan,BTN,2019,767467
Bhutan,BTN,2020,772512
Bhutan,BTN,2021,777500
Bolivia,BOL,2018,11606906
Bolivia,BOL,2019,11777318
Bolivia,BOL,2020,11936169
Bolivia,BOL,2021,12079474
Bonaire Sint Eustatius and Saba,BES,2018,24995
Bonaire Sint Eustatius and Saba,BES,2019,25597
Bonaire Sint Eustatius and Saba,BES,2020,26178
Bonaire Sint Eustatius and Saba,BES,2021,26730
Bosnia and Herzegovina,BIH,2018,3400132
Bosnia and Herzegovina,BIH,2019,3360718
Bosnia and Herzegovina,BIH,2020,3318410
Bosnia and Herzegovina,BIH,2021,3270948
Botswana,BWA,2018,2451411
Botswana,BWA,2019,2499705
Botswana,BWA,2020,2546404
Botswana,BWA,2021,2588424
Brazil,BRA,2018,210166600
Brazil,BRA,2019,211782880
Brazil,BRA,2020,213196300
Brazil,BRA,2021,214326220
British Virgin Islands,VGB,2018,30359
British Virgin Islands,VGB,2019,30631
British Virgin Islands,VGB,2020,30934
British Virgin Islands,VGB,2021,31145
Brunei,BRN,2018,434283
Brunei,BRN,2019,438058
Brunei,BRN,2020,441736
Brunei,BRN,2021,445382
Bulgaria,BGR,2018,7117424
Bulgaria,BGR,2019,7052536
Bulgaria,BGR,2020,6979181
Bulgaria,BGR,2021,6885864
Burkina Faso,BFA,2018,20392730
Burkina Faso,BFA,2019,20951638
Burkina Faso,BFA,2020,21522632
Burkina Faso,BFA,2021,22100690
Burundi,BDI,2018,11493476
Burundi,BDI,2019,11874838
Burundi,BDI,2020,12220229
Burundi,BDI,2021,12551215
Cambodia,KHM,2018,16025242
Cambodia,KHM,2019,16207746
Cambodia,KHM,2020,16396864
Cambodia,KHM,2021,16589031
Cameroon,CMR,2018,25076752
Cameroon,CMR,2019,25782342
Cameroon,CMR,2020,26491090
Cameroon,CMR,2021,27198632
Canada,CAN,2018,37035260
Canada,CAN,2019,37522584
Canada,CAN,2020,37888704
Canada,CAN,2021,38155012
Cape Verde,CPV,2018,571209
Cape Verde,CPV,2019,577037
Cape Verde,CPV,2020,582646
Cape Verde,CPV,2021,587936
Cayman Islands,CYM,2018,64904
Cayman Islands,CYM,2019,66152
Cayman Islands,CYM,2020,67327
Cayman Islands,CYM,2021,68157
Central African Republic,CAF,2018,5094795
Central African Republic,CAF,2019,5209329
Central African Republic,CAF,2020,5343024
Central African Republic,CAF,2021,5457165
Chad,TCD,2018,15604213
Chad,TCD,2019,16126868
Chad,TCD,2020,16644707
Chad,TCD,2021,17179744
Chile,CHL,2018,18701452
Chile,CHL,2019,19039484
Chile,CHL,2020,19300318
Chile,CHL,2021,19493184
China,CHN,2018,1417069400
China,CHN,2019,1421864100
China,CHN,2020,1424929800
China,CHN,2021,1425893500
Colombia,COL,2018,49276970
Colombia,COL,2019,50187404
Colombia,COL,2020,50930656
Colombia,COL,2021,51516560
Comoros,COM,2018,776322
Comoros,COM,2019,790993
Comoros,COM,2020,806168
Comoros,COM,2021,821632
Congo,COG,2018,5441061
Congo,COG,2019,5570736
Congo,COG,2020,5702183
Congo,COG,2021,5835814
Cook Islands,COK,2018,17276
Cook Islands,COK,2019,17133
Cook Islands,COK,2020,17050
Cook Islands,COK,2021,17028
Costa Rica,CRI,2018,5040738
Costa Rica,CRI,2019,5084527
Costa Rica,CRI,2020,5123107
Costa Rica,CRI,2021,5153959
Cote d'Ivoire,CIV,2018,25493990
Cote d'Ivoire,CIV,2019,26147544
Cote d'Ivoire,CIV,2020,26811792
Cote d'Ivoire,CIV,2021,27478250
Croatia,HRV,2018,4160488
Croatia,HRV,2019,4129749
Croatia,HRV,2020,4096872
Croatia,HRV,2021,4060139
Cuba,CUB,2018,11328243
Cuba,CUB,2019,11316699
Cuba,CUB,2020,11300695
Cuba,CUB,2021,11256373
Curacao,CUW,2018,184734
Curacao,CUW,2019,193119
Curacao,CUW,2020,189298
Curacao,CUW,2021,190348
Cyprus,CYP,2018,1218834
Cyprus,CYP,2019,1228840
Cyprus,CYP,2020,1237540
Cyprus,CYP,2021,1244193
Czechia,CZE,2018,10534598
Czechia,CZE,2019,10536876
Czechia,CZE,2020,10530951
Czechia,CZE,2021,10510748
Democratic Republic of Congo,COD,2018,87087350
Democratic Republic of Congo,COD,2019,89906900
Democratic Republic of Congo,COD,2020,92853170
Democratic Republic of Congo,COD,2021,95894120
Denmark,DNK,2018,5766689
Denmark,DNK,2019,5795879
Denmark,DNK,2020,5825638
Denmark,DNK,2021,5854246
Djibouti,DJI,2018,1057204
Djibouti,DJI,2019,1073999
Djibouti,DJI,2020,1090162
Djibouti,DJI,2021,1105562
Dominica,DMA,2018,70840
Dominica,DMA,2019,71446
Dominica,DMA,2020,72011
Dominica,DMA,2021,72435
Dominican Republic,DOM,2018,10765532
Dominican Republic,DOM,2019,10881886
Dominican Republic,DOM,2020,10999668
Dominican Republic,DOM,2021,11117873
Ecuador,ECU,2018,17015672
Ecuador,ECU,2019,17343742
Ecuador,ECU,2020,17588596
Ecuador,ECU,2021,17797736
Egypt,EGY,2018,103740770
Egypt,EGY,2019,105618670
Egypt,EGY,2020,107465130
Egypt,EGY,2021,109262184
El Salvador,SLV,2018,6276340
El Salvador,SLV,2019,6280222
El Salvador,SLV,2020,6292734
El Salvador,SLV,2021,6314165
Equatorial Guinea,GNQ,2018,1502102
Equatorial Guinea,GNQ,2019,1553037
Equatorial Guinea,GNQ,2020,1596057
Equatorial Guinea,GNQ,2021,1634473
Eritrea,ERI,2018,3445380
Eritrea,ERI,2019,3498819
Eritrea,ERI,2020,3555869
Eritrea,ERI,2021,3620324
Estonia,EST,2018,1322146
Estonia,EST,2019,1327039
Estonia,EST,2020,1329449
Estonia,EST,2021,1328704
Eswatini,SWZ,2018,1160430
Eswatini,SWZ,2019,1169620
Eswatini,SWZ,2020,1180663
Eswatini,SWZ,2021,1192273
Ethiopia,ETH,2018,111129440
Ethiopia,ETH,2019,114120590
Ethiopia,ETH,2020,117190920
Ethiopia,ETH,2021,120283020
Europe (UN),,2018,745359100
Europe (UN),,2019,746189630
Europe (UN),,2020,746225340
Europe (UN),,2021,745173760
Faeroe Islands,FRO,2018,50978
Faeroe Islands,FRO,2019,51708
Faeroe Islands,FRO,2020,52440
Faeroe Islands,FRO,2021,52915
Falkland Islands,FLK,2018,3674
Falkland Islands,FLK,2019,3729
Falkland Islands,FLK,2020,3764
Falkland Islands,FLK,2021,3786
Fiji,FJI,2018,919002
Fiji,FJI,2019,918472
Fiji,FJI,2020,920430
Fiji,FJI,2021,924615
Finland,FIN,2018,5515465
Finland,FIN,2019,5521539
Finland,FIN,2020,5529468
Finland,FIN,2021,5535982
France,FRA,2018,64277812
France,FRA,2019,64399760
France,FRA,2020,64480052
France,FRA,2021,64531450
French Guiana,GUF,2018,276659
French Guiana,GUF,2019,284088
French Guiana,GUF,2020,290978
French Guiana,GUF,2021,297462
French Polynesia,PYF,2018,297615
French Polynesia,PYF,2019,299730
French Polynesia,PYF,2020,301935
French Polynesia,PYF,2021,304038
Gabon,GAB,2018,2192013
Gabon,GAB,2019,2242788
Gabon,GAB,2020,2292583
Gabon,GAB,2021,2341185
Gambia,GMB,2018,2444916
Gambia,GMB,2019,2508882
Gambia,GMB,2020,2574005
Gambia,GMB,2021,2639922
Georgia,GEO,2018,3772323
Georgia,GEO,2019,3770814
Georgia,GEO,2020,3765912
Georgia,GEO,2021,3757984
Germany,DEU,2018,82896696
Germany,DEU,2019,83148140
Germany,DEU,2020,83328990
Germany,DEU,2021,83408560
Ghana,GHA,2018,30870648
Ghana,GHA,2019,31522294
Ghana,GHA,2020,32180402
Ghana,GHA,2021,32833036
Gibraltar,GIB,2018,32677
Gibraltar,GIB,2019,32715
Gibraltar,GIB,2020,32739
Gibraltar,GIB,2021,32698
Greece,GRC,2018,10633275
Greece,GRC,2019,10574026
Greece,GRC,2020,10512232
Greece,GRC,2021,10445368
Greenland,GRL,2018,55954
Greenland,GRL,2019,55955
Greenland,GRL,2020,56049
Greenland,GRL,2021,56266
Grenada,GRD,2018,121853
Grenada,GRD,2019,122737
Grenada,GRD,2020,123672
Grenada,GRD,2021,124624
Guadeloupe,GLP,2018,396273
Guadeloupe,GLP,2019,395487
Guadeloupe,GLP,2020,395649
Guadeloupe,GLP,2021,396057
Guam,GUM,2018,168696
Guam,GUM,2019,168632
Guam,GUM,2020,169245
Guam,GUM,2021,170546
Guatemala,GTM,2018,16850176
Guatemala,GTM,2019,17106338
Guatemala,GTM,2020,17362716
Guatemala,GTM,2021,17608484
Guernsey,GGY,2018,61908
Guernsey,GGY,2019,62391
Guernsey,GGY,2020,62823
Guernsey,GGY,2021,63092
Guinea,GIN,2018,12554871
Guinea,GIN,2019,12877537
Guinea,GIN,2020,13205157
Guinea,GIN,2021,13531909
Guinea-Bissau,GNB,2018,1924954
Guinea-Bissau,GNB,2019,1970460
Guinea-Bissau,GNB,2020,2015839
Guinea-Bissau,GNB,2021,2060730
Guyana,GUY,2018,785518
Guyana,GUY,2019,798761
Guyana,GUY,2020,797207
Guyana,GUY,2021,804571
Haiti,HTI,2018,11012427
Haiti,HTI,2019,11160441
Haiti,HTI,2020,11306804
Haiti,HTI,2021,11447575
High-income countries,,2018,1235045600
High-income countries,,2019,1240855700
High-income countries,,2020,1244106800
High-income countries,,2021,1245565600
Honduras,HND,2018,9792854
Honduras,HND,2019,9958832
Honduras,HND,2020,10121762
Honduras,HND,2021,10278346
Hong Kong,HKG,2018,7481563
Hong Kong,HKG,2019,7496121
Hong Kong,HKG,2020,7500955
Hong Kong,HKG,2021,7494580
Hungary,HUN,2018,9776361
Hungary,HUN,2019,9771799
Hungary,HUN,2020,9750571
Hungary,HUN,2021,9709784
Iceland,ISL,2018,352951
Iceland,ISL,2019,360787
Iceland,ISL,2020,366682
Iceland,ISL,2021,370338
India,IND,2018,1369003300
India,IND,2019,1383112100
India,IND,2020,1396387100
India,IND,2021,1407563900
Indonesia,IDN,2018,267066850
Indonesia,IDN,2019,269582880
Indonesia,IDN,2020,271858000
Indonesia,IDN,2021,273753180
Iran,IRN,2018,85617560
Iran,IRN,2019,86564210
Iran,IRN,2020,87290190
Iran,IRN,2021,87923430
Iraq,IRQ,2018,40590700
Iraq,IRQ,2019,41563524
Iraq,IRQ,2020,42556988
Iraq,IRQ,2021,43533590
Ireland,IRL,2018,4834506
Ireland,IRL,2019,4896021
Ireland,IRL,2020,4946123
Ireland,IRL,2021,4986525
Isle of Man,IMN,2018,83792
Isle of Man,IMN,2019,83950
Isle of Man,IMN,2020,84063
Isle of Man,IMN,2021,84286
Israel,ISR,2018,8456487
Israel,ISR,2019,8607922
Israel,ISR,2020,8757487
Israel,ISR,2021,8900057
Italy,ITA,2018,59877430
Italy,ITA,2019,59727936
Italy,ITA,2020,59500576
Italy,ITA,2021,59240336
Jamaica,JAM,2018,2811842
Jamaica,JAM,2019,2813776
Jamaica,JAM,2020,2820438
Jamaica,JAM,2021,2827701
Japan,JPN,2018,126255870
Japan,JPN,2019,125791680
Japan,JPN,2020,125244760
Japan,JPN,2021,124612530
Jersey,JEY,2018,105387
Jersey,JEY,2019,107055
Jersey,JEY,2020,108332
Jersey,JEY,2021,109634
Jordan,JOR,2018,10459864
Jordan,JOR,2019,10698682
Jordan,JOR,2020,10928723
Jordan,JOR,2021,11148288
Kazakhstan,KAZ,2018,18538100
Kazakhstan,KAZ,2019,18754260
Kazakhstan,KAZ,2020,18979250
Kazakhstan,KAZ,2021,19196468
Kenya,KEN,2018,49953300
Kenya,KEN,2019,50951452
Kenya,KEN,2020,51985780
Kenya,KEN,2021,53005616
Kiribati,KIR,2018,122276
Kiribati,KIR,2019,124252
Kiribati,KIR,2020,126473
Kiribati,KIR,2021,128883
Kosovo,OWID_KOS,2018,1709966
Kosovo,OWID_KOS,2019,1686856
Kosovo,OWID_KOS,2020,1670702
Kosovo,OWID_KOS,2021,1662022
Kuwait,KWT,2018,4317190
Kuwait,KWT,2019,4441105
Kuwait,KWT,2020,4360451
Kuwait,KWT,2021,4250111
Kyrgyzstan,KGZ,2018,6223503
Kyrgyzstan,KGZ,2019,6323643
Kyrgyzstan,KGZ,2020,6424880
Kyrgyzstan,KGZ,2021,6527742
Land-locked Developing Countries (LLDC),,2018,512657920
Land-locked Developing Countries (LLDC),,2019,524971870
Land-locked Developing Countries (LLDC),,2020,537864800
Land-locked Developing Countries (LLDC),,2021,550846400
Laos,LAO,2018,7105008
Laos,LAO,2019,7212058
Laos,LAO,2020,7319397
Laos,LAO,2021,7425055
Latin America and the Caribbean (UN),,2018,641303740
Latin America and the Caribbean (UN),,2019,646846800
Latin America and the Caribbean (UN),,2020,651836100
Latin America and the Caribbean (UN),,2021,656098100
Latvia,LVA,2018,1935632
Latvia,LVA,2019,1916552
Latvia,LVA,2020,1897057
Latvia,LVA,2021,1873926
Least developed countries,,2018,1023493760
Least developed countries,,2019,1048193540
Least developed countries,,2020,1073743500
Least developed countries,,2021,1099568600
Lebanon,LBN,2018,5950842
Lebanon,LBN,2019,5781912
Lebanon,LBN,2020,5662924
Lebanon,LBN,2021,5592626
Lesotho,LSO,2018,2198030
Lesotho,LSO,2019,2225710
Lesotho,LSO,2020,2254104
Lesotho,LSO,2021,2281464
Less developed regions,,2018,6413056500
Less developed regions,,2019,6490685400
Less developed regions,,2020,6564795000
Less developed regions,,2021,6633179000
"Less developed regions, excluding China",,2018,4964128300
"Less developed regions, excluding China",,2019,5036884000
"Less developed regions, excluding China",,2020,5107866600
"Less developed regions, excluding China",,2021,5175244300
"Less developed regions, excluding least developed countries",,2018,5389562400
"Less developed regions, excluding least developed countries",,2019,5442492000
"Less developed regions, excluding least developed countries",,2020,5491051500
"Less developed regions, excluding least developed countries",,2021,5533610500
Liberia,LBR,2018,4889396
Liberia,LBR,2019,4985290
Liberia,LBR,2020,5087591
Liberia,LBR,2021,5193422
Libya,LBY,2018,6477791
Libya,LBY,2019,6569085
Libya,LBY,2020,6653946
Libya,LBY,2021,6735280
Liechtenstein,LIE,2018,38205
Liechtenstein,LIE,2019,38500
Liechtenstein,LIE,2020,38783
Liechtenstein,LIE,2021,39058
Lithuania,LTU,2018,2876128
Lithuania,LTU,2019,2849083
Lithuania,LTU,2020,2820269
Lithuania,LTU,2021,2786652
Low-income countries,,2018,661256600
Low-income countries,,2019,680013440
Low-income countries,,2020,699186560
Low-income countries,,2021,718255100
Lower-middle-income countries,,2018,3269580500
Lower-middle-income countries,,2019,3313063400
Lower-middle-income countries,,2020,3356047600
Lower-middle-income countries,,2021,3396756500
Luxembourg,LUX,2018,607920
Luxembourg,LUX,2019,619981
Luxembourg,LUX,2020,630401
Luxembourg,LUX,2021,639330
Macao,MAC,2018,650996
Macao,MAC,2019,663660
Macao,MAC,2020,676287
Macao,MAC,2021,686616
Madagascar,MDG,2018,26846544
Madagascar,MDG,2019,27533134
Madagascar,MDG,2020,28225182
Madagascar,MDG,2021,28915652
Malawi,MWI,2018,18367886
Malawi,MWI,2019,18867340
Malawi,MWI,2020,19377058
Malawi,MWI,2021,19889742
Malaysia,MYS,2018,32399270
Malaysia,MYS,2019,32804024
Malaysia,MYS,2020,33199988
Malaysia,MYS,2021,33573870
Maldives,MDV,2018,489773
Maldives,MDV,2019,504518
Maldives,MDV,2020,514451
Maldives,MDV,2021,521469
Mali,MLI,2018,19934304
Mali,MLI,2019,20567430
Mali,MLI,2020,21224042
Mali,MLI,2021,21904990
Malta,MLT,2018,491590
Malta,MLT,2019,503646
Malta,MLT,2020,515364
Malta,MLT,2021,526751
Marshall Islands,MHL,2018,46012
Marshall Islands,MHL,2019,44750
Marshall Islands,MHL,2020,43437
Marshall Islands,MHL,2021,42074
Martinique,MTQ,2018,374843
Martinique,MTQ,2019,372254
Martinique,MTQ,2020,370399
Martinique,MTQ,2021,368799
Mauritania,MRT,2018,4270717
Mauritania,MRT,2019,4383853
Mauritania,MRT,2020,4498605
Mauritania,MRT,2021,4614981
Mauritius,MUS,2018,1295386
Mauritius,MUS,2019,1296284
Mauritius,MUS,2020,1297830
Mauritius,MUS,2021,1298922
Mayotte,MYT,2018,282968
Mayotte,MYT,2019,294502
Mayotte,MYT,2020,305591
Mayotte,MYT,2021,316022
Mexico,MEX,2018,124013864
Mexico,MEX,2019,125085310
Mexico,MEX,2020,125998296
Mexico,MEX,2021,126705140
Micronesia (country),FSM,2018,110945
Micronesia (country),FSM,2019,111392
Micronesia (country),FSM,2020,112119
Micronesia (country),FSM,2021,113143
Moldova,MDA,2018,3141839
Moldova,MDA,2019,3109496
Moldova,MDA,2020,3084848
Moldova,MDA,2021,3061509
Monaco,MCO,2018,37050
Monaco,MCO,2019,37059
Monaco,MCO,2020,36943
Monaco,MCO,2021,36713
Mongolia,MNG,2018,3163994
Mongolia,MNG,2019,3232435
Mongolia,MNG,2020,3294340
Mongolia,MNG,2021,3347782
Montenegro,MNE,2018,631459
Montenegro,MNE,2019,630403
Montenegro,MNE,2020,629058
Montenegro,MNE,2021,627856
Montserrat,MSR,2018,4381
Montserrat,MSR,2019,4528
Montserrat,MSR,2020,4526
Montserrat,MSR,2021,4438
More developed regions,,2018,1270733400
More developed regions,,2019,1274265500
More developed regions,,2020,1276158000
More developed regions,,2021,1276116100
Morocco,MAR,2018,35927516
Morocco,MAR,2019,36304410
Morocco,MAR,2020,36688770
Morocco,MAR,2021,37076588
Mozambique,MOZ,2018,29423882
Mozambique,MOZ,2019,30285602
Mozambique,MOZ,2020,31178242
Mozambique,MOZ,2021,32077074
Myanmar,MMR,2018,52666016
Myanmar,MMR,2019,53040212
Myanmar,MMR,2020,53423200
Myanmar,MMR,2021,53798090
Namibia,NAM,2018,2405682
Namibia,NAM,2019,2446648
Namibia,NAM,2020,2489099
Namibia,NAM,2021,2530150
Nauru,NRU,2018,11949
Nauru,NRU,2019,12156
Nauru,NRU,2020,12339
Nauru,NRU,2021,12533
Nepal,NPL,2018,28506718
Nepal,NPL,2019,28832500
Nepal,NPL,2020,29348626
Nepal,NPL,2021,30034988
Netherlands,NLD,2018,17286042
Netherlands,NLD,2019,17363260
Netherlands,NLD,2020,17434562
Netherlands,NLD,2021,17501696
New Caledonia,NCL,2018,284887
New Caledonia,NCL,2019,285374
New Caledonia,NCL,2020,286412
New Caledonia,NCL,2021,287809
New Zealand,NZL,2018,4838528
New Zealand,NZL,2019,4959033
New Zealand,NZL,2020,5061130
New Zealand,NZL,2021,5129730
Nicaragua,NIC,2018,6572234
Nicaragua,NIC,2019,6663919
Nicaragua,NIC,2020,6755900
Nicaragua,NIC,2021,6850546
Niger,NER,2018,22577060
Niger,NER,2019,23443400
Niger,NER,2020,24333644
Niger,NER,2021,25252722
Nigeria,NGA,2018,198387620
Nigeria,NGA,2019,203304500
Nigeria,NGA,2020,208327410
Nigeria,NGA,2021,213401330
Niue,NIU,2018,1907
Niue,NIU,2019,1943
Niue,NIU,2020,1963
Niue,NIU,2021,1957
North Korea,PRK,2018,25638152
North Korea,PRK,2019,25755442
North Korea,PRK,2020,25867474
North Korea,PRK,2021,25971910
North Macedonia,MKD,2018,2113497
North Macedonia,MKD,2019,2114175
North Macedonia,MKD,2020,2111078
North Macedonia,MKD,2021,2103329
Northern America (UN),,2018,369300740
Northern America (UN),,2019,371967900
Northern America (UN),,2020,373956670
Northern America (UN),,2021,375278940
Northern Mariana Islands,MNP,2018,50328
Northern Mariana Islands,MNP,2019,49880
Northern Mariana Islands,MNP,2020,49611
Northern Mariana Islands,MNP,2021,49503
Norway,NOR,2018,5312321
Norway,NOR,2019,5348285
Norway,NOR,2020,5379836
Norway,NOR,2021,5403021
Oceania (UN),,2018,42539676
Oceania (UN),,2019,43278150
Oceania (UN),,2020,43933424
Oceania (UN),,2021,44491724
Oman,OMN,2018,4601160
Oman,OMN,2019,4602769
Oman,OMN,2020,4543406
Oman,OMN,2021,4520474
Pakistan,PAK,2018,219731490
Pakistan,PAK,2019,223293280
Pakistan,PAK,2020,227196740
Pakistan,PAK,2021,231402110
Palau,PLW,2018,17887
Palau,PLW,2019,17939
Palau,PLW,2020,17999
Palau,PLW,2021,18050
Palestine,PSE,2018,4805549
Palestine,PSE,2019,4909775
Palestine,PSE,2020,5019407
Palestine,PSE,2021,5133393
Panama,PAN,2018,4165258
Panama,PAN,2019,4232538
Panama,PAN,2020,4294391
Panama,PAN,2021,4351264
Papua New Guinea,PNG,2018,9329233
Papua New Guinea,PNG,2019,9542492
Papua New Guinea,PNG,2020,9749641
Papua New Guinea,PNG,2021,9949438
Paraguay,PRY,2018,6443337
Paraguay,PRY,2019,6530029
Paraguay,PRY,2020,6618700
Paraguay,PRY,2021,6703802
Peru,PER,2018,32203946
Peru,PER,2019,32824864
Peru,PER,2020,33304768
Peru,PER,2021,33715464
Philippines,PHL,2018,108568830
Philippines,PHL,2019,110380800
Philippines,PHL,2020,112190984
Philippines,PHL,2021,113880340
Poland,POL,2018,38521464
Poland,POL,2019,38493600
Poland,POL,2020,38428370
Poland,POL,2021,38307724
Portugal,PRT,2018,10289833
Portugal,PRT,2019,10289921
Portugal,PRT,2020,10298186
Portugal,PRT,2021,10290109
Puerto Rico,PRI,2018,3319269
Puerto Rico,PRI,2019,3292888
Puerto Rico,PRI,2020,3271570
Puerto Rico,PRI,2021,3256030
Qatar,QAT,2018,2766743
Qatar,QAT,2019,2807242
Qatar,QAT,2020,2760390
Qatar,QAT,2021,2688239
Reunion,REU,2018,941189
Reunion,REU,2019,949423
Reunion,REU,2020,957829
Reunion,REU,2021,966132
Romania,ROU,2018,19606778
Romania,ROU,2019,19524212
Romania,ROU,2020,19442040
Romania,ROU,2021,19328558
Russia,RUS,2018,145652290
Russia,RUS,2019,145742290
Russia,RUS,2020,145617330
Russia,RUS,2021,145102750
Rwanda,RWA,2018,12531810
Rwanda,RWA,2019,12835029
Rwanda,RWA,2020,13146367
Rwanda,RWA,2021,13461891
Saint Barthlemy,,2018,10281
Saint Barthlemy,,2019,10504
Saint Barthlemy,,2020,10706
Saint Barthlemy,,2021,10888
Saint Helena,SHN,2018,5494
Saint Helena,SHN,2019,5470
Saint Helena,SHN,2020,5448
Saint Helena,SHN,2021,5428
Saint Kitts and Nevis,KNA,2018,47787
Saint Kitts and Nevis,KNA,2019,47739
Saint Kitts and Nevis,KNA,2020,47666
Saint Kitts and Nevis,KNA,2021,47631
Saint Lucia,LCA,2018,177894
Saint Lucia,LCA,2019,178594
Saint Lucia,LCA,2020,179245
Saint Lucia,LCA,2021,179663
Saint Martin (French part),MAF,2018,33879
Saint Martin (French part),MAF,2019,33150
Saint Martin (French part),MAF,2020,32577
Saint Martin (French part),MAF,2021,31964
Saint Pierre and Miquelon,SPM,2018,5969
Saint Pierre and Miquelon,SPM,2019,5952
Saint Pierre and Miquelon,SPM,2020,5930
Saint Pierre and Miquelon,SPM,2021,5905
Saint Vincent and the Grenadines,VCT,2018,105297
Saint Vincent and the Grenadines,VCT,2019,104940
Saint Vincent and the Grenadines,VCT,2020,104644
Saint Vincent and the Grenadines,VCT,2021,104340
Samoa,WSM,2018,209715
Samoa,WSM,2019,211915
Samoa,WSM,2020,214934
Samoa,WSM,2021,218781
San Marino,SMR,2018,34179
San Marino,SMR,2019,34203
San Marino,SMR,2020,34038
San Marino,SMR,2021,33772
Sao Tome and Principe,STP,2018,211358
Sao Tome and Principe,STP,2019,214612
Sao Tome and Principe,STP,2020,218650
Sao Tome and Principe,STP,2021,223118
Saudi Arabia,SAU,2018,35018132
Saudi Arabia,SAU,2019,35827364
Saudi Arabia,SAU,2020,35997108
Saudi Arabia,SAU,2021,35950396
Senegal,SEN,2018,15574910
Senegal,SEN,2019,16000783
Senegal,SEN,2020,16436120
Senegal,SEN,2021,16876726
Serbia,SRB,2018,7433825
Serbia,SRB,2019,7401056
Serbia,SRB,2020,7358010
Serbia,SRB,2021,7296771
Seychelles,SYC,2018,103120
Seychelles,SYC,2019,104386
Seychelles,SYC,2020,105545
Seychelles,SYC,2021,106486
Sierra Leone,SLE,2018,7861287
Sierra Leone,SLE,2019,8046830
Sierra Leone,SLE,2020,8233973
Sierra Leone,SLE,2021,8420642
Singapore,SGP,2018,5814543
Singapore,SGP,2019,5866408
Singapore,SGP,2020,5909874
Singapore,SGP,2021,5941063
Sint Maarten (Dutch part),SXM,2018,42268
Sint Maarten (Dutch part),SXM,2019,43002
Sint Maarten (Dutch part),SXM,2020,43638
Sint Maarten (Dutch part),SXM,2021,44061
Slovakia,SVK,2018,5446746
Slovakia,SVK,2019,5453932
Slovakia,SVK,2020,5456681
Slovakia,SVK,2021,5447621
Slovenia,SVN,2018,2105931
Slovenia,SVN,2019,2112905
Slovenia,SVN,2020,2117648
Slovenia,SVN,2021,2119408
Small Island Developing States (SIDS),,2018,71869590
Small Island Developing States (SIDS),,2019,72558344
Small Island Developing States (SIDS),,2020,73173240
Small Island Developing States (SIDS),,2021,73767220
Solomon Islands,SLB,2018,659259
Solomon Islands,SLB,2019,675000
Solomon Islands,SLB,2020,691198
Solomon Islands,SLB,2021,707855
Somalia,SOM,2018,15411101
Somalia,SOM,2019,15981312
Somalia,SOM,2020,16537018
Somalia,SOM,2021,17065588
South Africa,ZAF,2018,57339630
South Africa,ZAF,2019,58087060
South Africa,ZAF,2020,58801930
South Africa,ZAF,2021,59392256
South Korea,KOR,2018,51676900
South Korea,KOR,2019,51803830
South Korea,KOR,2020,51844690
South Korea,KOR,2021,51830136
South Sudan,SSD,2018,10395332
South Sudan,SSD,2019,10447677
South Sudan,SSD,2020,10606224
South Sudan,SSD,2021,10748278
Spain,ESP,2018,46792044
Spain,ESP,2019,47131372
Spain,ESP,2020,47363810
Spain,ESP,2021,47486932
Sri Lanka,LKA,2018,21580712
Sri Lanka,LKA,2019,21649664
Sri Lanka,LKA,2020,21715076
Sri Lanka,LKA,2021,21773438
Sudan,SDN,2018,41999064
Sudan,SDN,2019,43232092
Sudan,SDN,2020,44440484
Sudan,SDN,2021,45657204
Suriname,SUR,2018,593729
Suriname,SUR,2019,600305
Suriname,SUR,2020,607068
Suriname,SUR,2021,612989
Sweden,SWE,2018,10162300
Sweden,SWE,2019,10267922
Sweden,SWE,2020,10368968
Sweden,SWE,2021,10467095
Switzerland,CHE,2018,8514431
Switzerland,CHE,2019,8575593
Switzerland,CHE,2020,8638609
Switzerland,CHE,2021,8691409
Syria,SYR,2018,19333464
Syria,SYR,2019,20098252
Syria,SYR,2020,20772602
Syria,SYR,2021,21324366
Taiwan,TWN,2018,23726186
Taiwan,TWN,2019,23777742
Taiwan,TWN,2020,23821468
Taiwan,TWN,2021,23859904
Tajikistan,TJK,2018,9128131
Tajikistan,TJK,2019,9337008
Tajikistan,TJK,2020,9543211
Tajikistan,TJK,2021,9750078
Tanzania,TZA,2018,58090444
Tanzania,TZA,2019,59872584
Tanzania,TZA,2020,61704520
Tanzania,TZA,2021,63588332
Thailand,THA,2018,71127810
Thailand,THA,2019,71307770
Thailand,THA,2020,71475660
Thailand,THA,2021,71601100
Timor,TLS,2018,1261850
Timor,TLS,2019,1280442
Timor,TLS,2020,1299998
Timor,TLS,2021,1320944
Togo,TGO,2018,8046680
Togo,TGO,2019,8243093
Togo,TGO,2020,8442583
Togo,TGO,2021,8644829
Tokelau,TKL,2018,1645
Tokelau,TKL,2019,1775
Tokelau,TKL,2020,1845
Tokelau,TKL,2021,1869
Tonga,TON,2018,105167
Tonga,TON,2019,104965
Tonga,TON,2020,105265
Tonga,TON,2021,106034
Trinidad and Tobago,TTO,2018,1504707
Trinidad and Tobago,TTO,2019,1519960
Trinidad and Tobago,TTO,2020,1518142
Trinidad and Tobago,TTO,2021,1525671
Tunisia,TUN,2018,11933040
Tunisia,TUN,2019,12049319
Tunisia,TUN,2020,12161720
Tunisia,TUN,2021,12262949
Turkey,TUR,2018,82809304
Turkey,TUR,2019,83481690
Turkey,TUR,2020,84135430
Turkey,TUR,2021,84775410
Turkmenistan,TKM,2018,6065072
Turkmenistan,TKM,2019,6158424
Turkmenistan,TKM,2020,6250442
Turkmenistan,TKM,2021,6341850
Turks and Caicos Islands,TCA,2018,41516
Turks and Caicos Islands,TCA,2019,43104
Turks and Caicos Islands,TCA,2020,44297
Turks and Caicos Islands,TCA,2021,45141
Tuvalu,TUV,2018,10883
Tuvalu,TUV,2019,10983
Tuvalu,TUV,2020,11090
Tuvalu,TUV,2021,11229
Uganda,UGA,2018,41515400
Uganda,UGA,2019,42949076
Uganda,UGA,2020,44404610
Uganda,UGA,2021,45853780
Ukraine,UKR,2018,44446950
Ukraine,UKR,2019,44211100
Ukraine,UKR,2020,43909664
Ukraine,UKR,2021,43531424
United Arab Emirates,ARE,2018,9140172
United Arab Emirates,ARE,2019,9211660
United Arab Emirates,ARE,2020,9287286
United Arab Emirates,ARE,2021,9365149
United Kingdom,GBR,2018,66432996
United Kingdom,GBR,2019,66778660
United Kingdom,GBR,2020,67059470
United Kingdom,GBR,2021,67281040
United States,USA,2018,332140030
United States,USA,2019,334319680
United States,USA,2020,335942000
United States,USA,2021,336997630
United States Virgin Islands,VIR,2018,101377
United States Virgin Islands,VIR,2019,100837
United States Virgin Islands,VIR,2020,100452
United States Virgin Islands,VIR,2021,100100
Upper-middle-income countries,,2018,2487462700
Upper-middle-income countries,,2019,2501414100
Upper-middle-income countries,,2020,2512477200
Upper-middle-income countries,,2021,2519863600
Uruguay,URY,2018,3427044
Uruguay,URY,2019,3428412
Uruguay,URY,2020,3429087
Uruguay,URY,2021,3426265
Uzbekistan,UZB,2018,32449578
Uzbekistan,UZB,2019,32976946
Uzbekistan,UZB,2020,33526662
Uzbekistan,UZB,2021,34081452
Vanuatu,VUT,2018,297307
Vanuatu,VUT,2019,304414
Vanuatu,VUT,2020,311694
Vanuatu,VUT,2021,319146
Venezuela,VEN,2018,29825652
Venezuela,VEN,2019,28971686
Venezuela,VEN,2020,28490458
Venezuela,VEN,2021,28199862
Vietnam,VNM,2018,94914330
Vietnam,VNM,2019,95776710
Vietnam,VNM,2020,96648680
Vietnam,VNM,2021,97468024
Wallis and Futuna,WLF,2018,11840
Wallis and Futuna,WLF,2019,11735
Wallis and Futuna,WLF,2020,11679
Wallis and Futuna,WLF,2021,11654
Western Sahara,ESH,2018,532011
Western Sahara,ESH,2019,544883
Western Sahara,ESH,2020,556060
Western Sahara,ESH,2021,565590
World,OWID_WRL,2018,7683790000
World,OWID_WRL,2019,7764951000
World,OWID_WRL,2020,7840953000
World,OWID_WRL,2021,7909295000
Yemen,YEM,2018,30790514
Yemen,YEM,2019,31546694
Yemen,YEM,2020,32284044
Yemen,YEM,2021,32981644
Zambia,ZMB,2018,17835898
Zambia,ZMB,2019,18380478
Zambia,ZMB,2020,18927716
Zambia,ZMB,2021,19473132
Zimbabwe,ZWE,2018,15052191
Zimbabwe,ZWE,2019,15354606
Zimbabwe,ZWE,2020,15669663
Zimbabwe,ZWE,2021,15993525
